{
"no_face":[0,0,0,0,0,0,0,0,0,0,0,0,0,0,0,0,0,0,0,0,0,0,0,0,0,0,0,0,0,0,0,0,0,0,0,0,0,0,0,0,0,0,0,0,0,0,0,0,0,0,0,0,0,0,0,0,0,0,0,0,0,0,0,0,0,0,0,0,0,0,0,0,0,0,0,0,0,0,0,0,0,0,0,0,0,0,0,0,0,0,0,0,0,0,0,0,0,0,0,0,0,0,0,0,0,0,0,0,0,0,0,0,0,0,0,0,0,0,0,0,0,0,0,0,0,0,0,0],
"e9111ff3-c687-4107-9534-c41ed81ca665":[-0.18631549179553986,0.08638294041156769,0.09867217391729355,0.000672618392854929,0.013345329090952873,-0.08183856308460236,0.005002841353416443,-0.0014148727059364319,0.09558435529470444,-0.007645976729691029,0.2164614349603653,-0.0754966214299202,-0.1991880089044571,-0.116720050573349,-0.005068453028798103,0.11398512870073318,-0.11834745854139328,-0.13264422118663788,-0.09140963852405548,-0.08436985313892365,0.06033271178603172,-0.004681861028075218,-0.04789415001869202,0.05714699998497963,-0.19616401195526123,-0.39721742272377014,-0.06233300268650055,-0.10167410969734192,0.025975601747632027,-0.1369418203830719,0.02539191022515297,0.039909251034259796,-0.1854313313961029,-0.027516163885593414,-0.059108614921569824,0.11017746478319168,0.05319152772426605,-0.01553988829255104,0.15322864055633545,-0.007257181219756603,-0.14207130670547485,-0.05766042321920395,0.06379328668117523,0.27363619208335876,0.17012791335582733,0.07845050096511841,0.02495208941400051,-0.01950528845191002,0.05114584043622017,-0.20782050490379333,0.04072577878832817,0.12087178230285645,0.05770774558186531,0.07363824546337128,0.07465299963951111,-0.09749236702919006,0.027031416073441505,0.0474504753947258,-0.23104944825172424,0.05213548615574837,-0.019356105476617813,-0.08448377996683121,-0.053505368530750275,-0.015449311584234238,0.21175925433635712,0.06805139780044556,-0.0712154358625412,-0.08355507254600525,0.17833997309207916,-0.19448322057724,-0.008826538920402527,0.04563416913151741,-0.02810848504304886,-0.15031754970550537,-0.3280510902404785,0.08573035150766373,0.3601207137107849,0.15084153413772583,-0.19766975939273834,0.09940607100725174,-0.07948178052902222,-0.0662916749715805,0.11576342582702637,0.0202579777687788,-0.11210034787654877,0.048643678426742554,-0.1623927652835846,0.06540289521217346,0.17855027318000793,0.07072260975837708,0.0076555670239031315,0.15989446640014648,-0.010006679221987724,0.01688680425286293,0.07051369547843933,0.03789793699979782,-0.13895006477832794,0.005260260310024023,-0.07004712522029877,-0.045799996703863144,0.16058509051799774,-0.04402806609869003,0.022352177649736404,0.07990843802690506,-0.13005192577838898,0.13278940320014954,0.021287569776177406,-0.012209484353661537,0.015607621520757675,0.06954827159643173,-0.10835892707109451,-0.08290161192417145,0.1413736790418625,-0.1993279606103897,0.1360100656747818,0.1411404013633728,-0.04742107167840004,0.13585634529590607,0.10299157351255417,0.10442005842924118,-0.049170177429914474,-0.015660487115383148,-0.1318545937538147,-0.020532090216875076,0.0525728240609169,-0.03427945822477341,0.11213669180870056,0.049745917320251465],
"18c8f217-9afb-4793-b8ed-30c35f37323b":[-0.10118837654590607,0.16906464099884033,0.010602952912449837,-0.02201712317764759,-0.0006017893319949508,0.027216991409659386,0.018047869205474854,-0.04740741476416588,0.2784882187843323,-0.0381646528840065,0.30638718605041504,0.06811656057834625,-0.1829558163881302,-0.10029098391532898,-0.026533663272857666,0.10224993526935577,-0.18156099319458008,-0.054110683500766754,-0.03904249891638756,-0.08770780265331268,0.050172723829746246,0.059262268245220184,0.07822434604167938,0.06636938452720642,-0.0163466427475214,-0.35571223497390747,-0.09482380747795105,-0.1461651623249054,0.03692036494612694,-0.13606250286102295,0.031228352338075638,0.032325197011232376,-0.17554527521133423,-0.08726582676172256,-0.029442206025123596,-0.05821945145726204,0.007003222592175007,-0.026087572798132896,0.19552792608737946,0.05840460956096649,-0.06536397337913513,0.03527795150876045,-0.005581534467637539,0.3142613470554352,0.09602601826190948,-0.0441976934671402,0.04565924406051636,-0.04719022288918495,0.057477064430713654,-0.18825557827949524,0.020352771505713463,0.10137567669153214,0.15308770537376404,-0.023752547800540924,0.057447176426649094,-0.1718093752861023,-0.06117435544729233,0.06413628160953522,-0.16211505234241486,0.16919918358325958,0.03397002071142197,-0.08080657571554184,-0.10352344810962677,0.02002662792801857,0.19955261051654816,0.14074616134166718,-0.11208590865135193,-0.19847913086414337,0.06577455252408981,-0.059213630855083466,0.020205849781632423,0.13170784711837769,-0.10781360417604446,-0.21899719536304474,-0.17583626508712769,0.12626218795776367,0.4403342008590698,0.07235087454319,-0.1872842162847519,0.034159738570451736,-0.2083512246608734,-0.01196193415671587,-0.0008370110299438238,0.07077078521251678,-0.11106058955192566,0.01898777484893799,-0.1566474437713623,0.05255105346441269,0.09818419069051743,0.026838622987270355,-0.12204403430223465,0.2655571401119232,-0.05315101146697998,0.05733049660921097,0.011982502415776253,0.0389738529920578,-0.08720476925373077,0.013586441054940224,-0.09752398729324341,-0.0470767617225647,0.03323514759540558,-0.13308970630168915,-0.041734397411346436,0.01460498571395874,-0.19077688455581665,0.06732484698295593,-0.0026031257584691048,-0.006622505374252796,0.012189950793981552,0.062043383717536926,-0.11686660349369049,-0.002383223734796047,0.14744985103607178,-0.306772381067276,0.20199339091777802,0.12722492218017578,0.04559081420302391,0.21637246012687683,0.06307431310415268,0.07731836289167404,0.011279203929007053,-0.054311491549015045,-0.07346373051404953,-0.028485817834734917,0.007579170633107424,0.029367584735155106,0.039551910012960434,-0.017572462558746338],